inventor_id,name,country
inv_000000,Ravi Patel,US
inv_000001,Raj Garcia,US
inv_000002,Emma Davis,KR
inv_000003,Liam Rossi,US
inv_000004,Wei Ivanov,US
inv_000005,Fatima Ivanov,IN
inv_000006,Raj Dubois,DE
inv_000007,Omar Sato,US
inv_000008,Chen Rossi,CN
inv_000009,Yuki Ivanov,SE
inv_000010,Hiroshi Wang,CN
inv_000011,Diego Sato,CN
inv_000012,Omar Johnson,CH
inv_000013,Fatima Patel,CN
inv_000014,Fatima Kim,FR
inv_000015,Liam Ivanov,IN
inv_000016,Alice Oduya,US
inv_000017,Wei Sato,US
inv_000018,Amara Lee,JP
inv_000019,Sven Singh,CN
inv_000020,Emma Lee,CA
inv_000021,Noor Petrov,US
inv_000022,Sven Dubois,CN
inv_000023,Tomas Petrov,CA
inv_000024,Emma Lopez,SE
inv_000025,Raj Martinez,US
inv_000026,Amara Lee,US
inv_000027,Tomas Khan,IN
inv_000028,Olga Petrov,JP
inv_000029,Hannah Petrov,JP
inv_000030,Mei Nakamura,US
inv_000031,Jin Khan,JP
inv_000032,Diego Garcia,US
inv_000033,Wei Park,US
inv_000034,Yuki Petrov,US
inv_000035,Noor Wang,CN
inv_000036,Noor Dubois,KR
inv_000037,Fatima Sato,US
inv_000038,Emma Miller,KR
inv_000039,Maya Petrov,CN
inv_000040,Lars Rossi,US
inv_000041,John Davis,IN
inv_000042,Carlos Park,US
inv_000043,Daniel Petrov,CN
inv_000044,Yuki Singh,SE
inv_000045,Fatima Park,KR
inv_000046,Noor Lopez,JP
inv_000047,Hiroshi Singh,CN
inv_000048,Alice Garcia,KR
inv_000049,Wei Davis,JP
inv_000050,Maya Okafor,SE
inv_000051,Yuki Oduya,JP
inv_000052,Mei Cohen,DE
inv_000053,Olga Okafor,NL
inv_000054,Chen Kim,CN
inv_000055,Priya Miller,KR
inv_000056,Hiroshi Garcia,US
inv_000057,Sofia Smith,DE
inv_000058,Liam Garcia,US
inv_000059,Chen Petrov,US
inv_000060,Wei Miller,US
inv_000061,Wei Cohen,US
inv_000062,Emma Anderson,US
inv_000063,Jin Miller,DE
inv_000064,Raj Wilson,JP
inv_000065,Olga Patel,US
inv_000066,Diego Rossi,CN
inv_000067,Daniel Davis,US
inv_000068,Alice Tanaka,CH
inv_000069,Omar Sato,US
inv_000070,Olga Ivanov,KR
inv_000071,Yuki Rossi,US
inv_000072,Priya Garcia,US
inv_000073,Omar Sato,KR
inv_000074,Alice Petrov,KR
inv_000075,Wei Park,US
inv_000076,Kenji Anderson,JP
inv_000078,Amara Smith,CN
inv_000079,Tomas Wilson,JP
inv_000080,Kenji Brown,CH
inv_000081,Yuki Ivanov,CN
inv_000082,Alice Khan,CH
inv_000083,Jin Lopez,US
inv_000084,Liam Anderson,JP
inv_000085,Alice Cohen,US
inv_000086,Wei Silva,US
inv_000087,Amara Patel,KR
inv_000088,Liam Silva,US
inv_000089,Kenji Oduya,DE
inv_000090,Tomas Lee,US
inv_000091,Raj Lee,CN
inv_000092,Emma Petrov,CN
inv_000093,Sofia Park,US
inv_000094,Priya Silva,KR
inv_000095,Wei Okafor,US
inv_000096,Yuki Singh,US
inv_000097,Diego Kim,US
inv_000098,Lina Okafor,IN
inv_000099,Noor Wilson,GB
inv_000100,Emma Martinez,KR
inv_000101,Tomas Oduya,US
inv_000102,Mei Patel,US
inv_000103,Mei Kim,DE
inv_000104,Chen Lopez,US
inv_000105,Carlos Anderson,US
inv_000106,Wei Petrov,JP
inv_000107,Alice Smith,CN
inv_000108,Ravi Lee,US
inv_000109,Fatima Brown,JP
inv_000110,Hiroshi Wang,CA
inv_000111,Fatima Johnson,CN
inv_000112,Kenji Nakamura,US
inv_000113,Diego Miller,US
inv_000114,Olga Oduya,US
inv_000115,Diego Park,KR
inv_000116,Noor Davis,US
inv_000117,Daniel Mueller,US
inv_000118,John Mueller,CH
inv_000119,Omar Rossi,GB
inv_000120,Mei Mueller,CA
inv_000121,Amara Sato,US
inv_000122,Raj Ivanov,JP
inv_000123,Lars Martinez,US
inv_000124,John Oduya,US
inv_000125,Sofia Lee,US
inv_000126,Diego Petrov,KR
inv_000127,Emma Martinez,KR
inv_000128,John Patel,US
inv_000129,Liam Lee,US
inv_000130,Noor Rossi,CN
inv_000131,Kenji Silva,KR
inv_000132,Amara Miller,DE
inv_000133,Mei Johnson,IN
inv_000134,John Cohen,KR
inv_000135,Diego Rossi,US
inv_000136,Noor Lopez,GB
inv_000137,Jin Miller,CN
inv_000138,Emma Rossi,CN
inv_000139,Chen Kim,KR
inv_000140,Olga Rossi,GB
inv_000141,Emma Davis,US
inv_000142,Amara Okafor,US
inv_000143,Lars Ivanov,JP
inv_000144,Priya Dubois,JP
inv_000145,Carlos Anderson,CH
inv_000146,Emma Wang,CN
inv_000147,Wei Martinez,NL
inv_000148,Emma Kim,US
inv_000149,Yuki Smith,US
inv_000150,Anna Silva,SE
inv_000151,Priya Rossi,FR
inv_000152,Chen Brown,CN
inv_000153,Amara Garcia,US
inv_000154,Hannah Park,SE
inv_000155,Maya Rossi,US
inv_000156,Omar Brown,KR
inv_000157,Alice Okafor,US
inv_000158,Priya Nakamura,JP
inv_000159,Maya Miller,JP
inv_000160,Lina Okafor,JP
inv_000161,Jin Sato,JP
inv_000162,Mei Park,US
inv_000163,Maya Park,KR
inv_000164,Ravi Garcia,CN
inv_000165,Wei Brown,CN
inv_000166,Mei Lopez,CN
inv_000167,Yuki Nakamura,US
inv_000168,Chen Nakamura,IN
inv_000169,Wei Rossi,CN
inv_000170,Fatima Dubois,JP
inv_000171,Olga Martinez,JP
inv_000172,Hannah Park,DE
inv_000173,Daniel Miller,SE
inv_000174,Anna Smith,CN
inv_000175,Maya Tanaka,JP
inv_000176,Anna Garcia,US
inv_000177,Anna Smith,CN
inv_000178,Emma Oduya,CN
inv_000179,Lina Dubois,US
inv_000180,Tomas Tanaka,DE
inv_000181,Wei Petrov,JP
inv_000182,Daniel Dubois,US
inv_000183,Mei Tanaka,CN
inv_000184,Priya Lopez,CN
inv_000185,Mei Park,JP
inv_000186,Lina Wang,JP
inv_000187,Jin Okafor,US
inv_000188,Raj Petrov,US
inv_000189,Maya Smith,US
inv_000190,Lina Smith,FR
inv_000191,Raj Nakamura,JP
inv_000192,Liam Ivanov,JP
inv_000193,Maya Singh,US
inv_000194,Maya Martinez,US
inv_000195,Hiroshi Khan,US
inv_000196,Liam Oduya,CN
inv_000197,Chen Ivanov,US
inv_000198,Hiroshi Brown,SE
inv_000199,Daniel Oduya,DE
inv_000200,Omar Khan,US
inv_000201,Fatima Rossi,GB
inv_000202,Wei Cohen,FR
inv_000203,John Sato,JP
inv_000204,Hiroshi Rossi,CN
inv_000205,Chen Nakamura,JP
inv_000206,Jin Cohen,GB
inv_000207,Noor Wilson,KR
inv_000208,Priya Rossi,CH
inv_000209,Sofia Sato,US
inv_000210,Mei Miller,JP
inv_000211,Maya Dubois,KR
inv_000212,Sofia Smith,JP
inv_000213,Sven Anderson,US
inv_000214,Omar Lee,CN
inv_000215,Hannah Silva,CA
inv_000216,Fatima Smith,KR
inv_000217,Wei Garcia,IN
inv_000218,Anna Okafor,SE
inv_000219,Chen Anderson,FR
inv_000220,Priya Wilson,US
inv_000221,Lars Garcia,CN
inv_000222,Lars Oduya,DE
inv_000223,Anna Okafor,KR
inv_000224,Kenji Davis,KR
inv_000225,Diego Brown,JP
inv_000226,Lars Lee,US
inv_000227,Jin Ivanov,CN
inv_000228,Jin Okafor,SE
inv_000229,Olga Ivanov,CH
inv_000230,Mei Davis,DE
inv_000231,Hiroshi Martinez,US
inv_000232,Raj Singh,US
inv_000233,John Brown,KR
inv_000234,Mei Johnson,US
inv_000235,Chen Nakamura,FR
inv_000236,Hiroshi Sato,US
inv_000237,Anna Anderson,JP
inv_000238,Sven Johnson,US
inv_000239,Hiroshi Martinez,US
inv_000240,Anna Wang,DE
inv_000241,Yuki Nakamura,KR
inv_000242,Wei Garcia,US
inv_000243,Noor Silva,FR
inv_000244,Maya Cohen,CN
inv_000245,Tomas Dubois,CN
inv_000246,Lars Khan,FR
inv_000247,Noor Davis,US
inv_000248,Ravi Ivanov,US
inv_000249,Sven Garcia,US
inv_000250,Sven Smith,CN
inv_000251,Chen Silva,JP
inv_000252,Alice Garcia,CN
inv_000253,Chen Sato,JP
inv_000254,Emma Garcia,US
inv_000255,Kenji Patel,KR
inv_000256,Ravi Nakamura,US
inv_000257,Wei Johnson,US
inv_000258,Noor Davis,KR
inv_000259,Priya Patel,JP
inv_000260,Chen Tanaka,US
inv_000261,Priya Wang,DE
inv_000262,Hannah Rossi,CH
inv_000263,Noor Lee,US
inv_000264,Raj Oduya,DE
inv_000265,Maya Oduya,US
inv_000266,Maya Park,US
inv_000267,Carlos Petrov,JP
inv_000268,Sven Khan,JP
inv_000269,Wei Anderson,CN
inv_000270,Sofia Lopez,GB
inv_000271,Daniel Mueller,CN
inv_000272,Chen Anderson,CN
inv_000273,Lina Park,KR
inv_000274,Priya Wang,CN
inv_000275,Sofia Patel,SE
inv_000276,Daniel Cohen,US
inv_000277,Kenji Johnson,US
inv_000278,Noor Park,JP
inv_000279,Maya Johnson,US
inv_000280,Fatima Nakamura,CN
inv_000281,Hannah Brown,JP
inv_000282,John Petrov,DE
inv_000283,Chen Mueller,CN
inv_000284,Fatima Rossi,US
inv_000285,Lina Patel,JP
inv_000286,Ravi Martinez,US
inv_000287,Tomas Brown,CN
inv_000288,Kenji Martinez,JP
inv_000289,Raj Dubois,KR
inv_000290,Amara Ivanov,DE
inv_000291,Daniel Wang,CN
inv_000292,Sofia Wilson,JP
inv_000293,Lina Smith,CN
inv_000294,Lina Khan,DE
inv_000295,Daniel Nakamura,JP
inv_000296,Diego Lopez,KR
inv_000297,Priya Lopez,US
inv_000298,Liam Tanaka,US
inv_000299,Alice Lopez,NL
inv_000300,Chen Wilson,CN
inv_000301,Emma Wilson,GB
inv_000302,Anna Johnson,US
inv_000303,Daniel Patel,JP
inv_000304,Carlos Dubois,US
inv_000305,Kenji Sato,GB
inv_000306,Wei Anderson,US
inv_000307,Noor Brown,CN
inv_000308,Daniel Lopez,GB
inv_000309,Sofia Petrov,IN
inv_000310,Daniel Okafor,US
inv_000311,Raj Petrov,CA
inv_000312,Raj Davis,US
inv_000313,Hiroshi Park,FR
inv_000314,Priya Mueller,CA
inv_000315,Hannah Smith,US
inv_000316,Omar Johnson,CN
inv_000317,Diego Rossi,US
inv_000318,Carlos Rossi,KR
inv_000319,Sven Mueller,US
inv_000320,Noor Oduya,US
inv_000321,Tomas Khan,US
inv_000322,Priya Petrov,US
inv_000323,Mei Oduya,US
inv_000324,Hannah Kim,GB
inv_000325,Wei Dubois,CN
inv_000326,Ravi Rossi,CA
inv_000327,Priya Sato,CN
inv_000328,Amara Sato,JP
inv_000329,Raj Tanaka,DE
inv_000330,Liam Kim,CA
inv_000331,John Martinez,GB
inv_000332,Mei Smith,KR
inv_000333,Tomas Silva,NL
inv_000334,Lina Miller,CN
inv_000335,Noor Wilson,CN
inv_000336,Ravi Ivanov,FR
inv_000337,Emma Park,IN
inv_000338,Ravi Patel,FR
inv_000339,Lars Wilson,JP
inv_000340,Liam Singh,CH
inv_000341,Wei Kim,CN
inv_000342,Sven Ivanov,US
inv_000343,Carlos Cohen,US
inv_000344,Mei Martinez,JP
inv_000345,Jin Sato,CN
inv_000346,Priya Wang,US
inv_000347,Daniel Oduya,IN
inv_000348,Daniel Wilson,KR
inv_000349,Wei Wilson,CN
inv_000350,Mei Okafor,US
inv_000351,Diego Oduya,NL
inv_000352,Liam Tanaka,FR
inv_000353,Hiroshi Oduya,US
inv_000354,John Silva,KR
inv_000355,Tomas Silva,US
inv_000356,Ravi Martinez,JP
inv_000357,Ravi Rossi,US
inv_000358,Alice Johnson,CN
inv_000359,Hiroshi Patel,US
inv_000360,Amara Dubois,CN
inv_000361,Liam Davis,CH
inv_000362,Hannah Rossi,GB
inv_000363,Lina Anderson,DE
inv_000364,Mei Johnson,CA
inv_000365,Olga Dubois,JP
inv_000366,Daniel Singh,US
inv_000367,Fatima Miller,FR
inv_000368,Alice Tanaka,CN
inv_000369,Hiroshi Sato,JP
inv_000370,Emma Ivanov,FR
inv_000371,Alice Wilson,CN
inv_000372,Yuki Wilson,KR
inv_000373,Wei Martinez,SE
inv_000374,Liam Ivanov,US
inv_000375,Maya Nakamura,DE
inv_000376,Mei Sato,US
inv_000377,Fatima Lee,US
inv_000378,Emma Sato,US
inv_000379,John Singh,US
inv_000380,John Mueller,US
inv_000381,Yuki Davis,JP
inv_000382,Jin Wang,JP
inv_000383,Maya Singh,KR
inv_000384,Priya Cohen,US
inv_000385,Jin Wilson,GB
inv_000386,Priya Petrov,US
inv_000387,Anna Sato,CN
inv_000388,Emma Patel,JP
inv_000389,Wei Miller,US
inv_000390,Noor Nakamura,US
inv_000391,Mei Silva,FR
inv_000392,Amara Silva,KR
inv_000393,Priya Cohen,DE
inv_000394,Hiroshi Wilson,CA
inv_000395,Daniel Petrov,GB
inv_000396,Kenji Dubois,US
inv_000397,Sofia Martinez,JP
inv_000398,Kenji Davis,US
inv_000399,Kenji Lopez,GB
inv_000400,Diego Nakamura,CA
inv_000401,Wei Wang,US
inv_000402,Kenji Patel,NL
inv_000404,Liam Okafor,KR
inv_000405,Emma Patel,CN
inv_000406,Daniel Oduya,NL
inv_000407,Daniel Davis,US
inv_000408,Noor Kim,CN
inv_000409,Liam Cohen,US
inv_000410,Emma Anderson,US
inv_000411,Diego Sato,KR
inv_000412,Hiroshi Park,CN
inv_000413,Omar Rossi,KR
inv_000414,Noor Oduya,CA
inv_000415,John Mueller,US
inv_000416,Tomas Lopez,CN
inv_000417,Sven Sato,US
inv_000418,Wei Nakamura,CH
inv_000419,Wei Davis,KR
inv_000420,Amara Rossi,JP
inv_000421,Sven Singh,CN
inv_000422,Maya Khan,DE
inv_000423,Hannah Johnson,US
inv_000424,Maya Silva,US
inv_000425,Mei Dubois,GB
inv_000426,Anna Silva,JP
inv_000427,Mei Ivanov,NL
inv_000428,Diego Rossi,US
inv_000429,Emma Oduya,DE
inv_000430,Carlos Oduya,CN
inv_000431,Raj Tanaka,DE
inv_000432,John Ivanov,CN
inv_000433,Maya Nakamura,SE
inv_000434,Lars Lopez,US
inv_000435,Anna Davis,JP
inv_000436,Yuki Tanaka,KR
inv_000437,Carlos Okafor,GB
inv_000438,Wei Tanaka,CH
inv_000439,Kenji Smith,JP
inv_000440,Daniel Lopez,DE
inv_000441,Liam Tanaka,IN
inv_000442,Lars Patel,CN
inv_000443,Sofia Mueller,FR
inv_000444,Lina Brown,CN
inv_000445,Kenji Sato,US
inv_000446,Kenji Khan,CN
inv_000447,Amara Sato,CN
inv_000448,Raj Lopez,AU
inv_000449,Wei Cohen,FR
inv_000450,Carlos Cohen,US
inv_000451,Diego Davis,FR
inv_000452,Raj Patel,US
inv_000453,Olga Mueller,DE
inv_000454,Maya Park,GB
inv_000455,Sven Park,FR
inv_000456,Priya Park,KR
inv_000457,Emma Miller,KR
inv_000458,Daniel Petrov,CN
inv_000459,Priya Wang,JP
inv_000460,Ravi Kim,CN
inv_000461,Diego Cohen,US
inv_000462,Priya Dubois,US
inv_000463,Diego Martinez,CN
inv_000464,Ravi Sato,US
inv_000465,Priya Khan,KR
inv_000466,Priya Wilson,DE
inv_000467,Sofia Silva,JP
inv_000468,Alice Dubois,US
inv_000469,Chen Wang,JP
inv_000470,Alice Garcia,IN
inv_000471,Priya Cohen,KR
inv_000472,Diego Singh,CN
inv_000473,Kenji Park,CN
inv_000474,Omar Petrov,FR
inv_000475,Wei Lopez,US
inv_000476,Lars Lee,IN
inv_000477,Sofia Wang,DE
inv_000478,Tomas Singh,CN
inv_000480,Lars Okafor,CN
inv_000481,Lina Nakamura,GB
inv_000482,Ravi Oduya,JP
inv_000483,John Singh,CN
inv_000484,Olga Lopez,SE
inv_000485,Olga Garcia,US
inv_000486,Wei Kim,US
inv_000487,Emma Lopez,SE
inv_000488,Noor Tanaka,US
inv_000489,Sven Martinez,CA
inv_000490,Jin Dubois,US
inv_000491,Diego Oduya,IN
inv_000492,Priya Silva,CN
inv_000493,Raj Okafor,US
inv_000494,Omar Wilson,JP
inv_000495,Diego Oduya,DE
inv_000496,Priya Park,CN
inv_000497,Carlos Cohen,JP
inv_000498,Lina Ivanov,DE
inv_000499,Daniel Lee,US
inv_000500,Daniel Singh,KR
inv_000501,Chen Sato,KR
inv_000502,Lars Wang,SE
inv_000503,Mei Dubois,KR
inv_000504,Lina Rossi,US
inv_000505,Lina Dubois,CN
inv_000506,Kenji Johnson,CN
inv_000507,Raj Tanaka,US
inv_000508,Raj Smith,CN
inv_000509,Lina Brown,GB
inv_000510,Omar Nakamura,US
inv_000511,Lars Martinez,JP
inv_000512,Maya Brown,JP
inv_000513,Noor Smith,US
inv_000514,Mei Ivanov,US
inv_000515,Hiroshi Park,CN
inv_000516,Lars Patel,US
inv_000517,Kenji Petrov,FR
inv_000518,Wei Patel,JP
inv_000519,Ravi Cohen,DE
inv_000520,Chen Nakamura,CN
inv_000521,John Silva,CN
inv_000522,Liam Rossi,US
inv_000523,Carlos Singh,US
inv_000524,Amara Sato,JP
inv_000525,Ravi Tanaka,CN
inv_000526,Jin Smith,CN
inv_000527,Diego Garcia,CH
inv_000528,Maya Khan,CH
inv_000529,Yuki Johnson,CN
inv_000530,Lina Petrov,US
inv_000531,Chen Anderson,FR
inv_000532,Omar Nakamura,US
inv_000533,Alice Kim,US
inv_000534,Omar Ivanov,US
inv_000535,Tomas Kim,KR
inv_000536,Lina Okafor,JP
inv_000537,Alice Park,FR
inv_000538,Lars Singh,AU
inv_000539,Daniel Petrov,CN
inv_000540,Hiroshi Wilson,CN
inv_000541,Hannah Tanaka,NL
inv_000542,Hannah Tanaka,CN
inv_000543,Anna Brown,JP
inv_000544,Tomas Wilson,KR
inv_000545,Omar Wang,CH
inv_000546,Wei Rossi,DE
inv_000547,Fatima Kim,CN
inv_000548,Wei Lopez,GB
inv_000549,Lars Dubois,DE
inv_000550,Sven Brown,JP
inv_000551,Priya Johnson,CH
inv_000552,Noor Rossi,CN
inv_000553,Wei Oduya,FR
inv_000554,Diego Cohen,NL
inv_000555,John Nakamura,DE
inv_000556,Alice Nakamura,US
inv_000557,Maya Petrov,CN
inv_000558,Amara Khan,US
inv_000559,Emma Dubois,CN
inv_000560,Priya Park,US
inv_000561,Carlos Singh,CN
inv_000562,Ravi Lee,US
inv_000563,John Davis,US
inv_000564,Carlos Tanaka,KR
inv_000565,Mei Park,US
inv_000566,Olga Silva,CN
inv_000567,Olga Patel,US
inv_000568,Priya Mueller,IN
inv_000569,Wei Wilson,CA
inv_000570,Emma Singh,IN
inv_000571,Fatima Okafor,CN
inv_000572,Daniel Mueller,IN
inv_000573,Omar Singh,KR
inv_000574,Hiroshi Ivanov,US
inv_000575,Omar Anderson,US
inv_000576,Fatima Khan,CN
inv_000577,Omar Okafor,US
inv_000578,Wei Kim,CN
inv_000579,Carlos Rossi,SE
inv_000580,Lina Khan,US
inv_000581,Sofia Petrov,US
inv_000582,Priya Oduya,KR
inv_000583,Yuki Miller,AU
inv_000584,Maya Nakamura,JP
inv_000585,Lina Patel,KR
inv_000586,Lars Mueller,US
inv_000587,Tomas Brown,US
inv_000588,Carlos Miller,CN
inv_000589,Mei Ivanov,FR
inv_000590,Yuki Petrov,CN
inv_000591,Carlos Petrov,US
inv_000592,Sven Oduya,FR
inv_000593,Lina Khan,US
inv_000594,Wei Johnson,FR
inv_000595,Ravi Ivanov,SE
inv_000596,Noor Petrov,US
inv_000597,Hannah Petrov,KR
inv_000598,Ravi Kim,JP
inv_000599,Omar Wilson,CA
inv_000600,Lars Dubois,US
inv_000601,Sven Dubois,JP
inv_000602,Priya Ivanov,CN
inv_000603,Sofia Sato,IN
inv_000604,Jin Sato,CN
inv_000605,Yuki Park,CN
inv_000606,Sofia Garcia,JP
inv_000607,Mei Dubois,US
inv_000608,Hiroshi Johnson,CN
inv_000609,Daniel Silva,JP
inv_000610,Daniel Miller,US
inv_000611,Tomas Khan,IN
inv_000612,Olga Park,US
inv_000613,Carlos Dubois,JP
inv_000614,Anna Smith,US
inv_000615,Carlos Dubois,US
inv_000616,Liam Singh,US
inv_000617,Lars Anderson,DE
inv_000618,Lars Okafor,US
inv_000619,Kenji Nakamura,US
inv_000620,Maya Tanaka,CN
inv_000621,Amara Johnson,KR
inv_000622,Diego Okafor,CN
inv_000623,Amara Cohen,JP
inv_000624,Lina Silva,CA
inv_000625,Yuki Patel,CN
inv_000626,Omar Lopez,KR
inv_000627,Maya Nakamura,US
inv_000628,Carlos Johnson,US
inv_000629,Yuki Brown,CN
inv_000630,Carlos Dubois,US
inv_000631,Sofia Silva,CN
inv_000632,Amara Silva,CH
inv_000633,Liam Lopez,JP
inv_000634,Chen Khan,CN
inv_000635,Lina Smith,CN
inv_000636,Emma Patel,JP
inv_000637,Omar Miller,IN
inv_000638,Noor Anderson,US
inv_000639,Jin Johnson,DE
inv_000640,Sven Cohen,FR
inv_000641,Yuki Martinez,CA
inv_000642,Alice Khan,CA
inv_000643,Olga Smith,JP
inv_000644,Kenji Nakamura,CN
inv_000645,Kenji Cohen,AU
inv_000646,Daniel Sato,CH
inv_000647,Chen Nakamura,KR
inv_000648,Fatima Lopez,GB
inv_000649,Carlos Tanaka,CN
inv_000650,Priya Okafor,CN
inv_000651,Emma Park,IN
inv_000652,Noor Anderson,US
inv_000653,Mei Okafor,CN
inv_000654,Lars Park,CN
inv_000655,Chen Brown,JP
inv_000656,Anna Singh,KR
inv_000657,Lars Patel,DE
inv_000658,Hannah Tanaka,CN
inv_000659,Lars Johnson,CN
inv_000660,Diego Dubois,GB
inv_000661,Jin Anderson,US
inv_000662,Lina Okafor,US
inv_000663,Yuki Patel,DE
inv_000664,Raj Johnson,GB
inv_000665,Ravi Garcia,US
inv_000666,Kenji Lopez,IN
inv_000667,Hiroshi Oduya,SE
inv_000668,John Okafor,US
inv_000669,Ravi Miller,JP
inv_000670,Ravi Ivanov,NL
inv_000671,Sofia Kim,FR
inv_000672,Tomas Park,US
inv_000673,Fatima Davis,IN
inv_000674,Tomas Mueller,JP
inv_000675,Tomas Johnson,CN
inv_000676,Sven Davis,CN
inv_000677,John Kim,KR
inv_000678,Tomas Lopez,CN
inv_000679,Ravi Okafor,KR
inv_000680,Hannah Nakamura,JP
inv_000681,Mei Ivanov,US
inv_000682,Sven Davis,JP
inv_000683,Chen Mueller,US
inv_000684,Omar Kim,KR
inv_000685,Sven Silva,FR
inv_000686,Lina Rossi,KR
inv_000687,Wei Tanaka,GB
inv_000688,Sven Nakamura,JP
inv_000689,Tomas Garcia,US
inv_000690,Amara Garcia,JP
inv_000691,Sofia Kim,DE
inv_000692,Mei Petrov,CN
inv_000693,Alice Oduya,US
inv_000694,Lars Mueller,CN
inv_000695,Chen Patel,FR
inv_000696,Diego Silva,US
inv_000697,Yuki Anderson,US
inv_000698,Jin Silva,CN
inv_000699,Chen Okafor,JP
inv_000700,Maya Garcia,CA
inv_000701,Carlos Dubois,KR
inv_000702,Wei Khan,US
inv_000703,Lina Okafor,JP
inv_000704,Liam Okafor,US
inv_000705,Sofia Sato,KR
inv_000706,Hiroshi Oduya,US
inv_000707,Wei Miller,KR
inv_000708,Omar Johnson,JP
inv_000709,Carlos Rossi,JP
inv_000710,Fatima Dubois,GB
inv_000711,Jin Smith,CN
inv_000712,Lina Smith,NL
inv_000713,Liam Wang,US
inv_000714,Diego Brown,US
inv_000715,Tomas Miller,US
inv_000716,Alice Kim,CN
inv_000717,Maya Nakamura,SE
inv_000718,Diego Miller,CN
inv_000719,Daniel Tanaka,CN
inv_000720,Emma Oduya,KR
inv_000721,Ravi Sato,CN
inv_000722,Sven Okafor,CN
inv_000723,Jin Garcia,US
inv_000724,Lars Dubois,GB
inv_000725,Fatima Tanaka,US
inv_000726,Priya Singh,US
inv_000727,Olga Miller,IN
inv_000728,Alice Wilson,GB
inv_000729,Noor Park,US
inv_000730,Olga Wang,US
inv_000731,Priya Silva,GB
inv_000732,Raj Davis,US
inv_000733,Priya Garcia,KR
inv_000734,Maya Sato,AU
inv_000735,Yuki Cohen,CN
inv_000736,Lina Davis,DE
inv_000737,Liam Silva,SE
inv_000738,Raj Kim,US
inv_000739,Kenji Kim,CN
inv_000740,Fatima Khan,CH
inv_000741,Ravi Oduya,JP
inv_000742,Alice Singh,FR
inv_000743,Omar Cohen,CN
inv_000744,Kenji Nakamura,CN
inv_000745,Sven Park,KR
inv_000746,Raj Sato,US
inv_000747,Daniel Brown,US
inv_000748,Tomas Johnson,KR
inv_000749,Kenji Okafor,KR
inv_000750,Amara Garcia,US
inv_000751,Sofia Petrov,US
inv_000752,Daniel Singh,US
inv_000753,Alice Lee,CN
inv_000754,Daniel Wang,US
inv_000755,Anna Ivanov,CN
inv_000756,Tomas Smith,US
inv_000757,Jin Patel,NL
inv_000759,Amara Garcia,KR
inv_000760,Maya Kim,CN
inv_000761,Fatima Petrov,CN
inv_000762,Mei Singh,KR
inv_000763,Priya Patel,IN
inv_000764,Maya Martinez,CN
inv_000765,Diego Lopez,CN
inv_000766,Liam Sato,US
inv_000767,John Lee,KR
inv_000768,Lars Nakamura,US
inv_000769,Raj Tanaka,KR
inv_000770,Anna Okafor,GB
inv_000771,Mei Park,JP
inv_000772,Priya Mueller,CH
inv_000773,Sven Nakamura,IN
inv_000774,Sven Miller,KR
inv_000775,Carlos Johnson,US
inv_000776,Maya Smith,CN
inv_000777,Lina Petrov,US
inv_000778,Chen Nakamura,US
inv_000779,Carlos Dubois,CN
inv_000780,Noor Petrov,GB
inv_000781,Emma Anderson,US
inv_000782,Fatima Okafor,CN
inv_000783,John Cohen,IN
inv_000784,Fatima Kim,US
inv_000785,Omar Mueller,US
inv_000786,Carlos Nakamura,US
inv_000787,Noor Cohen,US
inv_000788,Mei Wilson,CN
inv_000789,Diego Tanaka,JP
inv_000790,Chen Garcia,CN
inv_000791,Ravi Sato,GB
inv_000792,Wei Tanaka,CN
inv_000793,Fatima Anderson,US
inv_000794,Chen Mueller,US
inv_000795,Daniel Rossi,FR
inv_000796,Liam Sato,US
inv_000797,Raj Ivanov,CA
inv_000798,Mei Johnson,US
inv_000799,Hannah Okafor,KR
inv_000800,Sven Sato,CN
inv_000801,Olga Khan,US
inv_000802,Tomas Wang,CN
inv_000803,Liam Garcia,KR
inv_000804,Emma Miller,KR
inv_000805,Amara Park,CH
inv_000806,Omar Brown,IN
inv_000807,Carlos Davis,CN
inv_000808,Hiroshi Rossi,US
inv_000809,Sofia Silva,SE
inv_000810,Maya Lopez,US
inv_000811,Omar Dubois,JP
inv_000812,Diego Okafor,CN
inv_000813,Sven Oduya,DE
inv_000814,Wei Park,FR
inv_000815,Omar Garcia,IN
inv_000816,Wei Lee,US
inv_000817,Chen Wilson,FR
inv_000818,Jin Tanaka,CN
inv_000819,Hiroshi Wang,US
inv_000820,Priya Singh,SE
inv_000821,Hiroshi Nakamura,US
inv_000822,Kenji Dubois,KR
inv_000823,Hiroshi Smith,US
inv_000824,Fatima Wang,DE
inv_000825,Daniel Tanaka,US
inv_000826,Kenji Tanaka,AU
inv_000827,Jin Miller,KR
inv_000828,Liam Cohen,US
inv_000829,Sven Nakamura,US
inv_000830,Mei Anderson,US
inv_000831,Sven Rossi,CN
inv_000832,Lars Anderson,US
inv_000833,Mei Garcia,IN
inv_000834,Noor Silva,US
inv_000835,Hiroshi Nakamura,CN
inv_000836,Amara Lopez,FR
inv_000837,Omar Sato,CN
inv_000838,Sofia Rossi,GB
inv_000839,Lars Lopez,DE
inv_000840,Anna Lopez,US
inv_000841,Sofia Kim,CH
inv_000842,Liam Wilson,US
inv_000843,Amara Lee,CN
inv_000844,Hiroshi Khan,US
inv_000845,Emma Park,KR
inv_000846,Jin Dubois,IN
inv_000847,Priya Wilson,CN
inv_000848,Lina Sato,CN
inv_000849,Yuki Petrov,CN
inv_000850,Mei Oduya,US
inv_000851,Omar Tanaka,US
inv_000852,Noor Anderson,DE
inv_000853,Fatima Cohen,CA
inv_000854,Fatima Johnson,CN
inv_000855,Hiroshi Park,US
inv_000856,Sven Petrov,DE
inv_000857,Liam Petrov,GB
inv_000858,Maya Lopez,JP
inv_000859,John Patel,US
inv_000860,Carlos Davis,KR
inv_000861,Priya Singh,CN
inv_000862,Maya Oduya,DE
inv_000863,Diego Smith,JP
inv_000864,Lars Rossi,US
inv_000865,Lina Davis,US
inv_000866,Lars Lopez,JP
inv_000867,Carlos Anderson,CN
inv_000868,Hiroshi Dubois,IN
inv_000869,Sofia Wang,CN
inv_000870,Omar Brown,US
inv_000871,Daniel Lopez,FR
inv_000872,Emma Wilson,US
inv_000873,Carlos Mueller,KR
inv_000874,Sofia Okafor,JP
inv_000875,Raj Wilson,CN
inv_000876,Sven Petrov,GB
inv_000877,Amara Smith,CH
inv_000878,Priya Khan,JP
inv_000879,John Brown,US
inv_000880,Mei Park,IN
inv_000882,Diego Lopez,US
inv_000883,Hiroshi Lee,GB
inv_000884,Carlos Petrov,CN
inv_000885,Noor Tanaka,DE
inv_000886,Diego Singh,JP
inv_000887,Lina Oduya,IN
inv_000888,Tomas Silva,DE
inv_000889,Emma Nakamura,CN
inv_000890,Raj Kim,US
inv_000891,Diego Brown,US
inv_000892,Kenji Silva,US
inv_000893,Kenji Mueller,JP
inv_000894,Fatima Mueller,JP
inv_000895,Yuki Mueller,CN
inv_000896,Noor Johnson,CN
inv_000897,Anna Nakamura,US
inv_000898,Fatima Cohen,GB
inv_000899,Kenji Oduya,JP
inv_000900,Chen Martinez,JP
inv_000901,Sven Wang,KR
inv_000902,Omar Park,US
inv_000903,Alice Lee,US
inv_000904,Sven Park,JP
inv_000905,Fatima Cohen,US
inv_000906,Mei Park,KR
inv_000907,Fatima Martinez,NL
inv_000908,Maya Davis,JP
inv_000909,Kenji Patel,CH
inv_000910,Lars Sato,US
inv_000911,Mei Singh,US
inv_000912,Daniel Patel,AU
inv_000913,Olga Wilson,CH
inv_000914,Daniel Brown,DE
inv_000915,Sven Silva,US
inv_000916,Lina Ivanov,US
inv_000917,Fatima Lee,DE
inv_000918,Sofia Brown,CN
inv_000919,Liam Lee,KR
inv_000920,Yuki Park,CN
inv_000921,Mei Sato,GB
inv_000922,Chen Sato,US
inv_000923,Yuki Brown,CN
inv_000924,Maya Martinez,GB
inv_000925,Anna Nakamura,DE
inv_000926,Ravi Rossi,CN
inv_000927,Wei Petrov,SE
inv_000928,Amara Cohen,NL
inv_000929,Chen Miller,CN
inv_000930,Anna Lopez,DE
inv_000931,Daniel Park,CH
inv_000932,Jin Dubois,FR
inv_000933,Daniel Wang,KR
inv_000934,Olga Rossi,US
inv_000935,Mei Lopez,CN
inv_000936,Fatima Khan,US
inv_000937,Omar Lopez,CA
inv_000938,Alice Patel,FR
inv_000939,John Patel,US
inv_000940,Priya Smith,JP
inv_000941,Chen Nakamura,GB
inv_000942,Sven Sato,CN
inv_000943,Ravi Singh,US
inv_000944,Diego Oduya,GB
inv_000945,Alice Tanaka,FR
inv_000946,Jin Brown,NL
inv_000947,Kenji Petrov,US
inv_000948,John Ivanov,JP
inv_000949,Yuki Khan,US
inv_000950,John Smith,CA
inv_000951,Lina Patel,JP
inv_000952,Anna Wang,US
inv_000953,Wei Davis,US
inv_000954,Sofia Singh,CN
inv_000955,Amara Park,NL
inv_000956,Ravi Oduya,US
inv_000957,Carlos Khan,US
inv_000958,Priya Singh,IN
inv_000959,Ravi Davis,US
inv_000960,Noor Oduya,JP
inv_000961,Wei Miller,US
inv_000962,Maya Patel,DE
inv_000963,Diego Rossi,CN
inv_000964,Raj Lee,FR
inv_000965,Raj Okafor,DE
inv_000966,Maya Brown,US
inv_000967,Olga Cohen,DE
inv_000968,Jin Tanaka,CN
inv_000969,Omar Miller,US
inv_000970,Amara Patel,US
inv_000971,Ravi Silva,US
inv_000972,Diego Lopez,US
inv_000973,Daniel Martinez,KR
inv_000974,Diego Okafor,CA
inv_000975,Maya Anderson,SE
inv_000976,John Khan,US
inv_000977,Mei Ivanov,US
inv_000978,Omar Tanaka,JP
inv_000979,Ravi Brown,JP
inv_000980,Kenji Brown,CN
inv_000981,Ravi Okafor,KR
inv_000982,Mei Wang,CN
inv_000983,Carlos Ivanov,US
inv_000984,Amara Khan,FR
inv_000985,Lars Brown,JP
inv_000986,Alice Garcia,US
inv_000987,Hiroshi Dubois,DE
inv_000988,Lars Oduya,CH
inv_000989,Hiroshi Smith,IN
inv_000990,Chen Smith,US
inv_000992,Sven Singh,US
inv_000993,Jin Miller,US
inv_000994,Sofia Wilson,JP
inv_000995,Carlos Wang,US
inv_000996,Anna Dubois,KR
inv_000997,Alice Anderson,KR
inv_000998,Diego Mueller,US
inv_000999,Hannah Khan,GB
inv_001000,Raj Davis,KR
inv_001001,Alice Sato,US
inv_001002,Alice Anderson,CN
inv_001003,Tomas Nakamura,US
inv_001004,Fatima Wilson,IN
inv_001005,Raj Lopez,US
inv_001006,Tomas Davis,CN
inv_001007,Lina Wang,DE
inv_001008,Hiroshi Cohen,GB
inv_001009,Sven Garcia,KR
inv_001010,Amara Wang,JP
inv_001011,Maya Sato,CN
inv_001012,Wei Okafor,JP
inv_001013,Diego Ivanov,CN
inv_001014,Jin Silva,US
inv_001015,Diego Khan,JP
inv_001016,Jin Miller,KR
inv_001017,Yuki Smith,CN
inv_001018,Raj Okafor,CN
inv_001019,Sofia Smith,SE
inv_001020,Daniel Davis,CH
inv_001021,Hiroshi Ivanov,KR
inv_001022,Kenji Anderson,US
inv_001023,Chen Lee,US
inv_001024,Tomas Garcia,KR
inv_001025,Chen Miller,CN
inv_001026,Jin Wang,DE
inv_001027,Carlos Nakamura,FR
inv_001028,Wei Khan,KR
inv_001029,Kenji Oduya,US
inv_001030,Lars Lee,CN
inv_001031,Chen Martinez,CH
inv_001032,Sofia Dubois,US
inv_001033,Wei Ivanov,US
inv_001034,Yuki Patel,US
inv_001035,Priya Lopez,CN
inv_001036,Fatima Singh,SE
inv_001037,Priya Kim,JP
inv_001038,Daniel Patel,US
inv_001039,Omar Oduya,CN
inv_001040,Olga Martinez,CN
inv_001041,Wei Brown,US
inv_001042,Amara Cohen,US
inv_001043,Mei Martinez,US
inv_001044,Amara Sato,JP
inv_001045,Hiroshi Dubois,US
inv_001046,Hiroshi Smith,US
inv_001047,Yuki Ivanov,CN
inv_001048,Emma Petrov,FR
inv_001049,Liam Khan,US
inv_001050,John Wang,US
inv_001051,Omar Nakamura,US
inv_001052,Hiroshi Johnson,JP
inv_001053,Sven Khan,JP
inv_001054,Anna Smith,CN
inv_001055,Sven Singh,US
inv_001056,Mei Lee,JP
inv_001057,Alice Silva,FR
inv_001058,Ravi Kim,JP
inv_001059,Hannah Okafor,JP
inv_001060,Wei Lee,CN
inv_001061,Kenji Ivanov,FR
inv_001062,Ravi Wilson,KR
inv_001063,Amara Wilson,IN
inv_001064,Anna Okafor,JP
inv_001065,Tomas Khan,JP
inv_001066,Amara Lee,US
inv_001067,Sofia Silva,US
inv_001068,Hannah Wilson,AU
inv_001069,Alice Wilson,JP
inv_001070,Maya Khan,US
inv_001071,Hiroshi Garcia,GB
inv_001072,Mei Okafor,CH
inv_001073,Maya Garcia,DE
inv_001074,Diego Martinez,US
inv_001075,Raj Khan,CN
inv_001076,Tomas Khan,US
inv_001077,Liam Khan,US
inv_001078,Lina Wilson,JP
inv_001079,Sven Anderson,US
inv_001080,Alice Garcia,DE
inv_001081,John Cohen,JP
inv_001082,Sofia Silva,US
inv_001083,Sofia Brown,US
inv_001084,Alice Smith,US
inv_001085,Maya Patel,KR
inv_001086,Wei Singh,IN
inv_001087,Liam Patel,CN
inv_001088,Sofia Nakamura,US
inv_001089,Omar Petrov,JP
inv_001090,Sven Brown,KR
inv_001091,Raj Oduya,DE
inv_001092,Amara Kim,CH
inv_001093,Yuki Mueller,CH
inv_001094,Chen Khan,CN
inv_001095,Sven Silva,CN
inv_001096,Ravi Khan,US
inv_001097,Yuki Lopez,NL
inv_001098,Raj Singh,CN
inv_001099,Ravi Miller,US
inv_001100,Priya Smith,US
inv_001101,Raj Brown,US
inv_001102,Mei Wilson,US
inv_001103,Alice Tanaka,JP
inv_001104,Sven Miller,CN
inv_001105,Hannah Tanaka,CN
inv_001106,Hiroshi Martinez,JP
inv_001107,Sven Dubois,US
inv_001108,Lars Smith,CN
inv_001109,Hiroshi Wang,CN
inv_001110,Hannah Tanaka,US
inv_001111,Fatima Miller,US
inv_001112,Noor Silva,JP
inv_001113,Kenji Petrov,US
inv_001114,Sven Johnson,US
inv_001115,Olga Ivanov,CN
inv_001116,Emma Kim,CN
inv_001117,Hiroshi Johnson,CN
inv_001118,Yuki Johnson,CN
inv_001119,Kenji Wang,CN
inv_001120,Olga Patel,US
inv_001121,Sven Petrov,CN
inv_001122,Anna Sato,US
inv_001123,Omar Tanaka,JP
inv_001124,Hannah Oduya,US
inv_001125,Ravi Okafor,CN
inv_001126,Diego Miller,CN
inv_001127,Sven Dubois,US
inv_001128,Priya Dubois,US
inv_001129,Lina Lee,KR
inv_001130,Yuki Park,CA
inv_001131,Wei Oduya,CN
inv_001132,Maya Khan,US
inv_001133,Lina Tanaka,KR
inv_001134,Fatima Oduya,JP
inv_001135,Anna Kim,US
inv_001136,Hannah Sato,IN
inv_001137,Carlos Khan,KR
inv_001138,Hiroshi Park,JP
inv_001139,Sven Ivanov,US
inv_001140,Alice Rossi,US
inv_001141,Olga Martinez,FR
inv_001142,Lina Silva,US
inv_001143,Tomas Davis,US
inv_001144,Amara Okafor,CN
inv_001145,Daniel Lee,KR
inv_001146,Tomas Sato,US
inv_001147,Hiroshi Rossi,US
inv_001148,Liam Khan,DE
inv_001149,Tomas Patel,KR
inv_001150,Omar Kim,KR
inv_001151,Hannah Rossi,US
inv_001152,Ravi Anderson,DE
inv_001153,Alice Mueller,CN
inv_001154,Yuki Silva,DE
inv_001155,Alice Tanaka,CN
inv_001156,Alice Davis,JP
inv_001157,Hannah Singh,US
inv_001158,Lina Wilson,CN
inv_001159,Mei Martinez,JP
inv_001160,Daniel Garcia,US
inv_001161,Jin Dubois,AU
inv_001162,Mei Davis,JP
inv_001163,Olga Dubois,US
inv_001164,Jin Anderson,SE
inv_001165,Lina Johnson,KR
inv_001166,Wei Kim,IN
inv_001167,Yuki Park,KR
inv_001168,Sven Ivanov,US
inv_001169,Raj Johnson,JP
inv_001170,Tomas Singh,IN
inv_001171,Mei Singh,JP
inv_001172,Ravi Patel,CA
inv_001173,Raj Singh,JP
inv_001174,Sven Sato,JP
inv_001175,Diego Mueller,US
inv_001176,Lars Smith,CN
inv_001177,Sven Sato,DE
inv_001178,Daniel Garcia,FR
inv_001179,Emma Ivanov,US
inv_001180,Carlos Smith,AU
inv_001181,Anna Nakamura,FR
inv_001182,Noor Wilson,US
inv_001183,Mei Silva,CN
inv_001184,Kenji Miller,CN
inv_001186,Lars Oduya,KR
inv_001187,Liam Patel,US
inv_001188,Fatima Petrov,DE
inv_001189,Lars Oduya,US
inv_001190,Wei Lopez,CN
inv_001191,Daniel Lee,US
inv_001192,Olga Nakamura,KR
inv_001193,Hannah Johnson,DE
inv_001194,Emma Lopez,CA
inv_001195,Jin Smith,GB
inv_001196,Lars Lee,JP
inv_001197,Amara Davis,US
inv_001198,Sofia Davis,IN
inv_001199,Emma Okafor,FR
inv_001200,Tomas Oduya,CN
inv_001201,Daniel Mueller,GB
inv_001202,Lars Patel,JP
inv_001203,Jin Lee,IN
inv_001204,Emma Miller,CN
inv_001205,Raj Singh,US
inv_001206,Kenji Wilson,CN
inv_001207,Mei Khan,CN
inv_001208,Daniel Patel,JP
inv_001209,Daniel Petrov,DE
inv_001210,Anna Miller,US
inv_001211,Daniel Oduya,CN
inv_001212,Kenji Johnson,US
inv_001213,Olga Lopez,CN
inv_001214,Yuki Lopez,IN
inv_001215,Maya Wang,JP
inv_001216,Ravi Mueller,CN
inv_001217,John Dubois,CN
inv_001218,Maya Park,US
inv_001219,Anna Wilson,SE
inv_001220,Yuki Silva,JP
inv_001221,Amara Rossi,JP
inv_001222,John Johnson,KR
inv_001223,Jin Singh,US
inv_001224,Maya Martinez,KR
inv_001225,John Oduya,US
inv_001226,Raj Brown,CN
inv_001227,Yuki Patel,CN
inv_001228,Sven Wang,US
inv_001229,Lars Dubois,CH
inv_001230,Kenji Miller,CA
inv_001231,Sofia Miller,JP
inv_001232,Maya Ivanov,US
inv_001233,John Garcia,US
inv_001234,Olga Davis,US
inv_001235,Hiroshi Singh,IN
inv_001236,Amara Miller,FR
inv_001237,Maya Okafor,FR
inv_001238,Noor Johnson,GB
inv_001239,Ravi Martinez,US
inv_001240,Chen Patel,JP
inv_001241,Amara Patel,KR
inv_001242,Anna Brown,US
inv_001243,Chen Oduya,FR
inv_001244,Lars Rossi,GB
inv_001245,Emma Cohen,US
inv_001246,Kenji Martinez,US
inv_001247,Lars Patel,US
inv_001248,Olga Silva,US
inv_001249,Lina Cohen,US
inv_001250,Chen Rossi,CN
inv_001251,Alice Okafor,JP
inv_001252,Chen Anderson,CN
inv_001253,John Smith,GB
inv_001254,Tomas Patel,DE
inv_001255,Yuki Wang,AU
inv_001256,Jin Davis,US
inv_001257,Ravi Garcia,JP
inv_001258,Mei Dubois,US
inv_001259,Lina Mueller,US
inv_001260,Diego Wilson,GB
inv_001261,Kenji Davis,US
inv_001262,Daniel Park,US
inv_001263,Daniel Nakamura,GB
inv_001264,Sofia Singh,JP
inv_001265,Hannah Davis,US
inv_001266,Lina Lopez,US
inv_001267,Amara Tanaka,JP
inv_001268,Lina Tanaka,CA
inv_001269,Omar Rossi,GB
inv_001270,Hiroshi Nakamura,CA
inv_001271,Daniel Mueller,US
inv_001272,Tomas Khan,JP
inv_001273,Sven Silva,CN
inv_001274,Noor Smith,CA
inv_001275,Anna Anderson,US
inv_001276,Priya Johnson,US
inv_001277,Ravi Lopez,US
inv_001278,Emma Sato,CN
inv_001279,Kenji Oduya,CH
inv_001280,Anna Singh,GB
inv_001281,Yuki Martinez,KR
inv_001282,John Petrov,US
inv_001283,Daniel Anderson,US
inv_001284,Maya Anderson,CN
inv_001285,Sofia Lee,US
inv_001286,Fatima Petrov,CN
inv_001287,Lina Garcia,US
inv_001288,Priya Wilson,DE
inv_001289,Wei Sato,JP
inv_001290,Sofia Patel,JP
inv_001291,Hiroshi Tanaka,CN
inv_001292,Fatima Okafor,US
inv_001293,Omar Silva,FR
inv_001294,Hannah Cohen,KR
inv_001295,Ravi Oduya,JP
inv_001296,Diego Martinez,US
inv_001297,Daniel Dubois,CN
inv_001298,Chen Oduya,CN
inv_001299,Hiroshi Patel,SE
inv_001300,John Lopez,CN
inv_001301,Fatima Cohen,CN
inv_001302,Alice Miller,US
inv_001303,Yuki Martinez,IN
inv_001304,Hiroshi Lee,DE
inv_001305,Olga Patel,CN
inv_001306,Priya Martinez,US
inv_001307,Hiroshi Park,JP
inv_001308,Tomas Petrov,GB
inv_001309,Maya Miller,JP
inv_001310,Emma Khan,JP
inv_001311,Anna Smith,KR
inv_001312,Fatima Rossi,DE
inv_001313,Tomas Cohen,AU
inv_001314,Chen Khan,US
inv_001315,Hiroshi Tanaka,GB
inv_001316,Carlos Miller,CN
inv_001317,Noor Brown,SE
inv_001318,Mei Tanaka,CN
inv_001319,Priya Wilson,US
inv_001320,Kenji Silva,CA
inv_001321,Lina Brown,KR
inv_001322,Chen Davis,KR
inv_001323,Olga Ivanov,FR
inv_001324,Emma Singh,GB
inv_001325,Chen Petrov,US
inv_001326,Chen Patel,SE
inv_001327,Fatima Anderson,DE
inv_001328,Emma Davis,KR
inv_001329,Hannah Sato,JP
inv_001330,Carlos Patel,US
inv_001331,Yuki Johnson,GB
inv_001332,Olga Lee,NL
inv_001334,Lina Johnson,CA
inv_001335,Olga Park,KR
inv_001336,Diego Martinez,JP
inv_001337,Noor Sato,GB
inv_001338,Jin Petrov,KR
inv_001339,Raj Cohen,CA
inv_001340,Chen Oduya,US
inv_001341,Amara Rossi,CA
inv_001342,Fatima Johnson,US
inv_001343,Olga Silva,AU
inv_001344,Lina Garcia,FR
inv_001345,Maya Khan,KR
inv_001346,Maya Davis,US
inv_001347,Priya Mueller,CA
inv_001348,Sven Mueller,CH
inv_001349,Amara Johnson,JP
inv_001350,Fatima Lee,US
inv_001351,Liam Sato,US
inv_001352,Sofia Dubois,IN
inv_001353,Alice Nakamura,CN
inv_001354,Maya Petrov,DE
inv_001355,Anna Wilson,DE
inv_001356,Wei Wilson,IN
inv_001357,Carlos Garcia,US
inv_001358,Omar Cohen,US
inv_001359,Fatima Okafor,CN
inv_001360,Diego Garcia,US
inv_001361,Sofia Singh,CN
inv_001362,Maya Silva,KR
inv_001363,Fatima Martinez,NL
inv_001364,Hiroshi Oduya,CN
inv_001365,Raj Miller,FR
inv_001366,Alice Oduya,CN
inv_001367,Tomas Wilson,US
inv_001368,Mei Okafor,IN
inv_001369,John Cohen,SE
inv_001370,Carlos Wilson,KR
inv_001371,Anna Johnson,CN
inv_001372,Sofia Cohen,US
inv_001373,Sven Park,KR
inv_001374,Ravi Wang,US
inv_001375,Daniel Oduya,JP
inv_001376,Olga Okafor,CA
inv_001377,Ravi Martinez,US
inv_001378,John Dubois,IN
inv_001379,Alice Wang,US
inv_001380,Sven Wilson,US
inv_001381,Liam Martinez,US
inv_001382,Kenji Tanaka,JP
inv_001383,Kenji Lopez,US
inv_001384,Emma Patel,KR
inv_001385,Ravi Davis,FR
inv_001386,Maya Davis,DE
inv_001387,Chen Sato,US
inv_001388,Tomas Cohen,US
inv_001389,Omar Oduya,CN
inv_001390,Lars Park,JP
inv_001391,Amara Martinez,GB
inv_001392,Anna Mueller,KR
inv_001393,Yuki Davis,CN
inv_001394,Ravi Nakamura,CN
inv_001395,John Okafor,KR
inv_001396,Hiroshi Johnson,US
inv_001397,Fatima Okafor,US
inv_001398,Olga Davis,CH
inv_001399,Olga Rossi,FR
inv_001400,Sven Mueller,US
inv_001401,Olga Patel,US
inv_001402,Daniel Park,KR
inv_001403,Ravi Okafor,US
inv_001404,Emma Wang,US
inv_001405,Olga Davis,DE
inv_001406,Sofia Singh,US
inv_001407,Hiroshi Kim,FR
inv_001408,Hannah Ivanov,CN
inv_001409,Priya Lopez,DE
inv_001410,Chen Khan,US
inv_001411,Omar Lopez,JP
inv_001412,John Lopez,US
inv_001413,Chen Davis,FR
inv_001414,Mei Martinez,CN
inv_001415,Emma Davis,CN
inv_001416,Priya Dubois,CN
inv_001417,Anna Okafor,US
inv_001418,Ravi Silva,US
inv_001419,Daniel Martinez,US
inv_001420,Mei Davis,FR
inv_001421,Jin Wang,US
inv_001422,Lina Khan,DE
inv_001423,Maya Khan,US
inv_001424,Fatima Lee,KR
inv_001425,Ravi Park,US
inv_001426,Amara Garcia,SE
inv_001427,Yuki Dubois,JP
inv_001428,Amara Singh,JP
inv_001429,Emma Garcia,DE
inv_001430,Maya Cohen,US
inv_001431,Sven Mueller,KR
inv_001432,Jin Davis,JP
inv_001433,Alice Garcia,SE
inv_001434,Raj Wang,US
inv_001435,Raj Johnson,GB
inv_001436,Carlos Wilson,CN
inv_001437,Anna Dubois,US
inv_001438,Ravi Lopez,US
inv_001439,Lina Davis,US
inv_001440,Amara Petrov,CN
inv_001441,Liam Petrov,US
inv_001442,Amara Garcia,KR
inv_001443,Diego Martinez,CN
inv_001444,Omar Anderson,DE
inv_001445,Carlos Miller,US
inv_001446,Sven Garcia,US
inv_001447,Olga Nakamura,US
inv_001448,Diego Silva,IN
inv_001449,Emma Garcia,JP
inv_001450,Jin Patel,JP
inv_001451,Anna Ivanov,DE
inv_001452,Ravi Martinez,CN
inv_001453,Raj Johnson,US
inv_001454,Yuki Petrov,KR
inv_001455,Hannah Khan,US
inv_001456,Sven Lee,US
inv_001457,Noor Khan,FR
inv_001458,Hannah Davis,CH
inv_001459,Wei Ivanov,JP
inv_001460,Daniel Anderson,US
inv_001461,Lina Rossi,DE
inv_001462,Omar Khan,SE
inv_001463,Noor Oduya,KR
inv_001464,Sven Davis,CA
inv_001465,Tomas Dubois,DE
inv_001466,Raj Tanaka,CN
inv_001467,Hiroshi Smith,US
inv_001468,Lina Nakamura,DE
inv_001469,Sven Anderson,DE
inv_001470,Hannah Wilson,KR
inv_001471,Wei Anderson,GB
inv_001472,Hannah Silva,KR
inv_001473,Hannah Park,GB
inv_001474,Carlos Rossi,CN
inv_001475,Chen Cohen,JP
inv_001476,Omar Anderson,SE
inv_001477,Diego Khan,CH
inv_001478,Kenji Nakamura,US
inv_001479,Maya Garcia,US
inv_001480,Noor Miller,KR
inv_001481,Mei Ivanov,US
inv_001482,Liam Cohen,US
inv_001483,Amara Petrov,US
inv_001484,Kenji Singh,US
inv_001485,Kenji Petrov,DE
inv_001486,Mei Sato,KR
inv_001487,Liam Singh,DE
inv_001488,Emma Tanaka,NL
inv_001489,Kenji Okafor,KR
inv_001490,Sven Singh,KR
inv_001491,Mei Kim,DE
inv_001492,Maya Brown,CN
inv_001493,Daniel Sato,GB
inv_001494,Jin Garcia,JP
inv_001495,Hiroshi Ivanov,KR
inv_001496,Omar Lopez,KR
inv_001497,Sven Tanaka,FR
inv_001498,Omar Wang,US
inv_001499,Tomas Silva,JP
inv_001500,Wei Lee,US
inv_001501,Wei Silva,US
inv_001502,Tomas Tanaka,DE
inv_001503,Chen Silva,US
inv_001504,Ravi Anderson,JP
inv_001505,Olga Sato,GB
inv_001506,Olga Johnson,DE
inv_001507,Noor Mueller,GB
inv_001508,Diego Garcia,GB
inv_001509,Sven Wang,CN
inv_001510,Diego Oduya,CN
inv_001511,Liam Ivanov,KR
inv_001512,Jin Brown,US
inv_001513,Fatima Kim,IN
inv_001514,Diego Martinez,CN
inv_001515,Noor Ivanov,JP
inv_001516,Liam Smith,US
inv_001517,Kenji Cohen,US
inv_001518,Carlos Kim,CN
inv_001519,Omar Cohen,US
inv_001520,Chen Dubois,CN
inv_001521,Maya Garcia,NL
inv_001522,Maya Dubois,CA
inv_001523,Hannah Khan,US
inv_001524,Hiroshi Lee,US
inv_001525,Ravi Wilson,US
inv_001526,Omar Lopez,CN
inv_001527,Carlos Okafor,US
inv_001528,Raj Kim,US
inv_001529,Emma Davis,CN
inv_001530,Fatima Mueller,JP
inv_001531,Diego Ivanov,DE
inv_001532,Sven Davis,CA
inv_001533,Anna Davis,US
inv_001534,Jin Garcia,US
inv_001535,Raj Ivanov,US
inv_001536,Yuki Park,US
inv_001537,Tomas Wang,GB
inv_001538,Noor Smith,SE
inv_001539,Daniel Anderson,CN
inv_001540,Anna Miller,DE
inv_001541,Anna Mueller,SE
inv_001542,Amara Garcia,NL
inv_001543,Alice Cohen,JP
inv_001544,Fatima Johnson,JP
inv_001545,Amara Sato,CA
inv_001546,Priya Patel,CA
inv_001547,Sofia Brown,US
inv_001548,Emma Ivanov,CN
inv_001549,Sofia Singh,DE
inv_001550,Sven Okafor,US
inv_001551,Mei Anderson,DE
inv_001552,Diego Mueller,JP
inv_001553,Olga Rossi,CA
inv_001554,Diego Sato,CN
inv_001555,Priya Mueller,DE
inv_001556,Liam Oduya,US
inv_001557,Jin Lee,US
inv_001558,Daniel Tanaka,US
inv_001559,Omar Davis,US
inv_001560,Omar Smith,US
inv_001561,Anna Nakamura,FR
inv_001562,Omar Anderson,CN
inv_001563,Fatima Sato,KR
inv_001564,Amara Patel,CA
inv_001565,Alice Ivanov,US
inv_001566,Lina Petrov,US
inv_001567,Jin Lopez,US
inv_001568,Diego Okafor,KR
inv_001569,Diego Smith,CN
inv_001570,Diego Sato,GB
inv_001571,Liam Khan,GB
inv_001572,Maya Kim,CN
inv_001573,Emma Cohen,JP
inv_001574,Hannah Wang,CN
inv_001575,Priya Petrov,US
inv_001576,Ravi Wilson,CN
inv_001577,Ravi Silva,DE
inv_001578,Daniel Wang,US
inv_001579,Sofia Garcia,CN
inv_001580,Ravi Kim,IN
inv_001581,Noor Petrov,CN
inv_001582,Hannah Dubois,AU
inv_001583,Jin Khan,KR
inv_001584,Kenji Mueller,US
inv_001585,Yuki Davis,US
inv_001586,Jin Brown,NL
inv_001587,Olga Mueller,CN
inv_001588,Hiroshi Wang,JP
inv_001589,John Park,CN
inv_001590,Hiroshi Lee,FR
inv_001591,Wei Petrov,CN
inv_001592,Raj Garcia,CH
inv_001593,Priya Petrov,US
inv_001594,Carlos Martinez,US
inv_001595,Alice Oduya,CN
inv_001596,Daniel Anderson,JP
inv_001597,Fatima Dubois,US
inv_001598,Liam Silva,JP
inv_001599,Carlos Petrov,FR
inv_001600,Tomas Singh,JP
inv_001601,Omar Wang,JP
inv_001602,Diego Rossi,US
inv_001603,Lars Smith,US
inv_001604,Diego Kim,JP
inv_001605,Chen Anderson,NL
inv_001606,Lars Smith,SE
inv_001607,Omar Kim,DE
inv_001608,Omar Smith,KR
inv_001609,Olga Rossi,KR
inv_001610,Amara Garcia,US
inv_001611,Lina Tanaka,US
inv_001612,Wei Rossi,FR
inv_001613,Carlos Park,DE
inv_001614,Lars Petrov,NL
inv_001615,Kenji Ivanov,US
inv_001616,Yuki Kim,US
inv_001617,Noor Dubois,US
inv_001618,Olga Lopez,US
inv_001619,Alice Okafor,US
inv_001620,Hiroshi Kim,US
inv_001621,Chen Dubois,CH
inv_001622,Raj Wang,US
inv_001623,Anna Ivanov,CN
inv_001624,Lars Wilson,JP
inv_001625,Priya Brown,US
inv_001626,Wei Martinez,NL
inv_001627,Alice Lee,AU
inv_001628,Wei Okafor,JP
inv_001629,Olga Miller,US
inv_001630,Lina Smith,US
inv_001631,Amara Park,JP
inv_001632,Jin Johnson,US
inv_001633,Jin Park,US
inv_001634,Anna Tanaka,CA
inv_001635,Tomas Lopez,US
inv_001636,Jin Okafor,KR
inv_001637,Mei Anderson,FR
inv_001638,Olga Singh,US
inv_001639,Hiroshi Garcia,FR
inv_001640,Sofia Smith,US
inv_001641,Liam Patel,CN
inv_001642,John Johnson,DE
inv_001643,Chen Silva,US
inv_001644,Maya Wang,US
inv_001645,Anna Wang,CA
inv_001646,Tomas Park,FR
inv_001647,Alice Singh,FR
inv_001648,Chen Okafor,US
inv_001649,Anna Garcia,CN
inv_001650,Omar Miller,JP
inv_001651,John Brown,CN
inv_001652,Jin Nakamura,US
inv_001653,Anna Brown,JP
inv_001654,Fatima Brown,JP
inv_001655,Liam Mueller,KR
inv_001656,Sofia Davis,JP
inv_001657,Daniel Martinez,DE
inv_001658,Wei Cohen,US
inv_001659,Lars Martinez,US
inv_001660,Priya Smith,AU
inv_001661,Jin Mueller,US
inv_001662,Maya Silva,US
inv_001663,Jin Wang,GB
inv_001664,Olga Cohen,CA
inv_001665,Maya Okafor,US
inv_001666,Sofia Rossi,FR
inv_001667,Hiroshi Patel,KR
inv_001668,Alice Martinez,US
inv_001669,Daniel Johnson,US
inv_001670,Anna Ivanov,US
inv_001671,Liam Petrov,CN
inv_001672,Carlos Silva,CA
inv_001673,Alice Singh,US
inv_001674,John Ivanov,GB
inv_001675,Tomas Miller,US
inv_001676,Omar Petrov,US
inv_001677,Fatima Davis,JP
inv_001678,Omar Brown,US
inv_001679,Carlos Johnson,CH
inv_001680,Lina Kim,US
inv_001681,Carlos Patel,US
inv_001682,Fatima Tanaka,US
inv_001683,Carlos Oduya,US
inv_001684,Fatima Davis,KR
inv_001685,Jin Patel,SE
inv_001686,Emma Dubois,CA
inv_001687,Hannah Patel,US
inv_001688,Fatima Tanaka,JP
inv_001689,Emma Mueller,KR
inv_001690,Tomas Singh,CN
inv_001691,Daniel Singh,CN
inv_001692,Lina Davis,CN
inv_001693,Liam Okafor,US
inv_001694,Maya Okafor,NL
inv_001695,Diego Dubois,JP
inv_001696,John Davis,US
inv_001697,Noor Smith,KR
inv_001698,Hannah Kim,US
inv_001699,Raj Ivanov,CN
inv_001700,Maya Martinez,CA
inv_001701,Tomas Okafor,KR
inv_001702,Hiroshi Johnson,JP
inv_001703,Yuki Nakamura,US
inv_001704,Hannah Khan,US
inv_001705,Mei Wilson,CN
inv_001706,Liam Tanaka,KR
inv_001707,Jin Wang,IN
inv_001708,Omar Anderson,US
inv_001709,Lina Miller,CA
inv_001710,Noor Petrov,CN
inv_001711,Jin Wilson,DE
inv_001712,Wei Park,US
inv_001713,Diego Miller,JP
inv_001714,Tomas Sato,US
inv_001715,Jin Petrov,DE
inv_001716,Ravi Park,FR
inv_001717,Alice Kim,KR
inv_001718,Sofia Okafor,KR
inv_001719,Sofia Cohen,CA
inv_001720,Yuki Johnson,GB
inv_001721,Priya Park,DE
inv_001722,Raj Rossi,CN
inv_001723,Yuki Nakamura,CN
inv_001724,Anna Khan,NL
inv_001725,Fatima Tanaka,US
inv_001726,Amara Cohen,JP
inv_001727,Maya Nakamura,JP
inv_001728,Anna Tanaka,GB
inv_001729,Fatima Silva,CH
inv_001730,Raj Wang,US
inv_001731,Sofia Oduya,DE
inv_001732,Hiroshi Oduya,CN
inv_001733,Diego Singh,US
inv_001734,Diego Silva,GB
inv_001735,Maya Kim,US
inv_001736,Noor Martinez,JP
inv_001737,Priya Johnson,US
inv_001738,Emma Singh,US
inv_001739,Hiroshi Davis,US
inv_001740,Noor Nakamura,CN
inv_001741,Sofia Brown,US
inv_001742,Priya Anderson,US
inv_001743,Olga Davis,KR
inv_001744,Olga Okafor,KR
inv_001745,Fatima Anderson,FR
inv_001746,Chen Brown,GB
inv_001747,Amara Khan,GB
inv_001748,Mei Mueller,US
inv_001749,Olga Wilson,CA
inv_001750,Alice Dubois,GB
inv_001751,Wei Tanaka,GB
inv_001752,Emma Sato,GB
inv_001753,Daniel Patel,US
inv_001754,Daniel Miller,GB
inv_001755,Raj Tanaka,KR
inv_001756,Hannah Lopez,JP
inv_001757,Sven Ivanov,JP
inv_001758,Fatima Brown,US
inv_001759,Raj Cohen,CN
inv_001760,Anna Tanaka,NL
inv_001761,John Singh,CA
inv_001762,Diego Petrov,CN
inv_001763,Carlos Lee,US
inv_001764,Hannah Tanaka,US
inv_001765,Raj Nakamura,CN
inv_001766,Emma Nakamura,US
inv_001767,Carlos Oduya,DE
inv_001768,Kenji Garcia,DE
inv_001769,Kenji Kim,DE
inv_001770,Priya Okafor,US
inv_001771,Ravi Nakamura,DE
inv_001772,Daniel Nakamura,CN
inv_001773,Kenji Park,US
inv_001774,Sofia Wang,KR
inv_001775,Sven Lopez,US
inv_001776,Maya Lopez,CN
inv_001777,Lars Dubois,NL
inv_001778,Yuki Park,US
inv_001779,Yuki Mueller,US
inv_001780,Noor Khan,DE
inv_001781,Noor Garcia,US
inv_001782,Diego Wang,CA
inv_001783,Yuki Cohen,DE
inv_001784,Chen Petrov,CN
inv_001785,Daniel Tanaka,JP
inv_001786,Yuki Mueller,US
inv_001787,Alice Rossi,SE
inv_001788,Tomas Lee,CN
inv_001789,Jin Oduya,US
inv_001790,Wei Mueller,JP
inv_001791,Chen Lopez,JP
inv_001792,Kenji Tanaka,AU
inv_001793,Noor Davis,CN
inv_001794,Amara Silva,NL
inv_001795,Carlos Patel,JP
inv_001796,Lina Miller,US
inv_001797,Carlos Okafor,CN
inv_001798,Fatima Tanaka,KR
inv_001799,Olga Kim,JP
inv_001800,Hannah Kim,AU
inv_001801,Priya Mueller,JP
inv_001802,Noor Johnson,CA
inv_001803,Priya Martinez,FR
inv_001804,Wei Davis,JP
inv_001805,Sven Park,DE
inv_001806,Amara Rossi,CN
inv_001807,John Mueller,JP
inv_001808,Hannah Dubois,US
inv_001809,Sofia Brown,GB
inv_001810,Chen Davis,US
inv_001811,Hiroshi Brown,JP
inv_001812,Wei Cohen,IN
inv_001813,Jin Wilson,KR
inv_001814,Amara Okafor,CN
inv_001815,Maya Mueller,CN
inv_001816,Sven Sato,US
inv_001817,Maya Brown,US
inv_001818,Lars Kim,CH
inv_001819,Lars Petrov,US
inv_001820,Hannah Nakamura,US
inv_001821,Noor Park,US
inv_001822,Priya Anderson,JP
inv_001823,Noor Miller,JP
inv_001824,Olga Khan,GB
inv_001825,Priya Rossi,JP
inv_001826,Noor Silva,US
inv_001827,Hannah Okafor,CN
inv_001828,Alice Mueller,US
inv_001829,Ravi Singh,US
inv_001830,Daniel Johnson,GB
inv_001831,Sofia Wang,US
inv_001832,Kenji Mueller,US
inv_001833,Noor Oduya,CA
inv_001834,Priya Davis,DE
inv_001835,Tomas Johnson,US
inv_001836,Sofia Singh,CN
inv_001837,Maya Rossi,KR
inv_001838,Lars Anderson,US
inv_001839,Chen Sato,CN
inv_001840,Carlos Rossi,KR
inv_001841,Chen Ivanov,DE
inv_001842,Hiroshi Khan,CH
inv_001843,Anna Davis,CA
inv_001844,Kenji Silva,CN
inv_001845,Carlos Khan,FR
inv_001846,Tomas Nakamura,DE
inv_001847,Carlos Davis,FR
inv_001848,Anna Wilson,US
inv_001849,Chen Kim,US
inv_001850,Hiroshi Smith,JP
inv_001851,Jin Sato,US
inv_001852,Kenji Johnson,CN
inv_001853,Fatima Wilson,FR
inv_001854,John Petrov,US
inv_001855,Mei Wilson,US
inv_001856,Lars Cohen,KR
inv_001857,Maya Smith,US
inv_001858,Sofia Tanaka,IN
inv_001859,Lina Mueller,US
inv_001860,Lina Lopez,GB
inv_001861,Tomas Anderson,US
inv_001862,Anna Nakamura,FR
inv_001863,Hannah Sato,KR
inv_001864,Priya Wilson,CN
inv_001865,Lina Cohen,CN
inv_001866,Fatima Okafor,US
inv_001867,Liam Oduya,CN
inv_001868,Wei Nakamura,CN
inv_001869,Sofia Tanaka,FR
inv_001870,Liam Silva,CN
inv_001871,Noor Patel,NL
inv_001872,Chen Sato,CN
inv_001873,Mei Rossi,US
inv_001874,Hannah Garcia,CN
inv_001875,Lina Kim,US
inv_001876,Sven Patel,CN
inv_001877,Maya Ivanov,US
inv_001878,Carlos Smith,JP
inv_001879,Olga Lopez,JP
inv_001880,Maya Lopez,US
inv_001881,Lina Cohen,GB
inv_001882,Olga Davis,US
inv_001883,Amara Brown,KR
inv_001884,John Kim,US
inv_001885,Sofia Dubois,US
inv_001886,Carlos Park,GB
inv_001887,John Khan,SE
inv_001888,Ravi Miller,US
inv_001889,Olga Ivanov,CN
inv_001890,Fatima Lopez,SE
inv_001891,Emma Patel,US
inv_001892,Sven Lee,US
inv_001893,Noor Okafor,KR
inv_001894,Olga Okafor,CN
inv_001895,Mei Nakamura,IN
inv_001896,Liam Garcia,US
inv_001897,Lars Silva,CN
inv_001898,Alice Nakamura,US
inv_001899,Hannah Oduya,US
inv_001900,Amara Johnson,US
inv_001901,Amara Mueller,IN
inv_001902,Noor Singh,CN
inv_001903,Lina Ivanov,IN
inv_001904,Tomas Park,SE
inv_001905,Liam Nakamura,US
inv_001906,Hiroshi Dubois,CN
inv_001907,Anna Garcia,US
inv_001908,Daniel Miller,DE
inv_001909,Tomas Singh,CN
inv_001910,Chen Oduya,CN
inv_001911,Priya Anderson,US
inv_001912,Anna Patel,CN
inv_001913,Priya Sato,US
inv_001914,Maya Singh,DE
inv_001915,Carlos Patel,CN
inv_001916,Sofia Okafor,GB
inv_001917,Omar Kim,KR
inv_001918,Amara Khan,CN
inv_001919,Noor Garcia,KR
inv_001920,Anna Tanaka,US
inv_001921,Olga Martinez,CA
inv_001922,Omar Rossi,KR
inv_001923,Fatima Brown,US
inv_001924,Emma Oduya,US
inv_001925,Hiroshi Khan,DE
inv_001926,Sofia Okafor,US
inv_001927,Sven Kim,CN
inv_001928,Noor Patel,CA
inv_001929,Sofia Anderson,FR
inv_001930,Wei Ivanov,US
inv_001931,Maya Nakamura,GB
inv_001932,Priya Okafor,CN
inv_001933,Noor Khan,JP
inv_001934,Olga Oduya,CN
inv_001935,Liam Wilson,GB
inv_001936,Tomas Rossi,IN
inv_001937,Wei Khan,US
inv_001938,Daniel Nakamura,CN
inv_001939,Diego Miller,KR
inv_001940,John Brown,KR
inv_001941,Hiroshi Sato,CN
inv_001942,Raj Rossi,CA
inv_001943,Ravi Lopez,IN
inv_001944,Amara Tanaka,JP
inv_001945,Emma Mueller,JP
inv_001946,Olga Okafor,CN
inv_001947,Lina Rossi,US
inv_001948,Daniel Oduya,US
inv_001949,John Wang,FR
inv_001950,Yuki Davis,JP
inv_001951,Yuki Wang,US
inv_001952,Daniel Dubois,CA
inv_001953,Noor Mueller,JP
inv_001954,Fatima Martinez,JP
inv_001955,Diego Garcia,US
inv_001956,Noor Smith,DE
inv_001957,Daniel Davis,US
inv_001958,Kenji Okafor,DE
inv_001959,Alice Johnson,KR
inv_001960,Chen Singh,US
inv_001961,Chen Wang,US
inv_001962,Priya Cohen,US
inv_001963,Raj Anderson,FR
inv_001964,Emma Petrov,KR
inv_001965,Noor Johnson,CN
inv_001966,Anna Dubois,KR
inv_001967,Liam Davis,CN
inv_001968,Diego Wilson,CN
inv_001969,Sven Johnson,CA
inv_001970,Jin Wilson,KR
inv_001971,Alice Petrov,JP
inv_001972,Liam Johnson,GB
inv_001973,Omar Davis,FR
inv_001974,Lars Anderson,US
inv_001975,Carlos Wang,CN
inv_001976,Yuki Silva,CN
inv_001977,Daniel Lee,US
inv_001978,Noor Mueller,DE
inv_001979,Emma Dubois,CN
inv_001980,Mei Wilson,CA
inv_001981,Anna Mueller,KR
inv_001982,Sofia Wang,US
inv_001983,Lina Anderson,NL
inv_001984,Maya Tanaka,US
inv_001985,Jin Petrov,US
inv_001986,Liam Davis,CN
inv_001987,Ravi Lee,NL
inv_001988,Alice Mueller,JP
inv_001989,Anna Kim,JP
inv_001990,Amara Oduya,IN
inv_001991,Anna Lee,US
inv_001992,John Kim,JP
inv_001993,Emma Lopez,KR
inv_001994,Hiroshi Okafor,FR
inv_001995,Daniel Rossi,DE
inv_001996,Sofia Lee,US
inv_001997,Mei Petrov,DE
inv_001998,Priya Park,GB
inv_001999,Jin Oduya,DE
